;Eugénie Grandet;La Touche étoile;... Et mon tout est un homme
Note (0, 1 ou 2 points) pour Fond / Présentation du projet (si possible visuellement) et présentation de la problématique;;;
Commentaire  de Fond / Présentation du projet (si possible visuellement) et présentation de la problématique;;;
Note (0, 1 ou 2 points) pour Fond / Profondeur d'analyse (càd pas seulement descriptif, mais aussi capacité analytique);;;
Commentaire  de Fond / Profondeur d'analyse (càd pas seulement descriptif, mais aussi capacité analytique);;;
Note (0, 1 ou 2 points) pour Fond / Initiatives;;;
Commentaire  de Fond / Initiatives;;;
Note (0, 1 ou 2 points) pour Fond / Résultats et recul;;;
Commentaire  de Fond / Résultats et recul;;;
Note (0, 1 ou 2 points) pour Fond / Références et état de l'art/de l'existant;;;
Commentaire  de Fond / Références et état de l'art/de l'existant;;;
Note (0, 1 ou 2 points) pour Forme / Respect temps;;;
Commentaire  de Forme / Respect temps;;;
Note (0, 1 ou 2 points) pour Forme / Prise de parole équilibrée et passage de la parole entre les membres;;;
Commentaire  de Forme / Prise de parole équilibrée et passage de la parole entre les membres;;;
Note (0, 1 ou 2 points) pour Forme / Clarté;;;
Commentaire  de Forme / Clarté;;;
Note (0, 1 ou 2 points) pour Forme / Dynamisme;;;
Commentaire  de Forme / Dynamisme;;;
Note (0, 1 ou 2 points) pour Forme / Originalité et beauté;;;
Commentaire  de Forme / Originalité et beauté;;;
Ligne inutilisée (par exemple, pour y mettre des totaux);;;
Commentaires généraux;;;